SRR_ID,Barcode_9nt,Adapter_ID
SRR1044415,TCGCGTCGT,Ad07
SRR1044416,TCTAGTCGT,Ad08
SRR1044417,TCACTTCGT,Ad01
SRR1044418,TTGGTTCGT,Ad20
SRR1044419,TGTGTTCGT,Ad18
SRR1044420,TTACATCGT,Ad19
SRR1044421,TTAAGTCGT,Ad11
SRR1044513,TTACATCGT,Ad19
SRR1044515,TTGGTTCGT,Ad20
SRR1044452,TAATATCGT,Ad13
SRR1044454,TAGGATCGT,Ad15
SRR1044457,TCCTATCGT,Ad05
SRR1044458,TCCTATCGT,Ad05
SRR1044461,TAGGATCGT,Ad15
SRR1044469,TGATGTCGT,Ad17
SRR1044474,TCACTTCGT,Ad01
SRR1044475,TCATCTCGT,Ad02
SRR1044476,TCCACTCGT,Ad03
SRR1044477,TCTCCTCGT,Ad09
SRR1044478,TCTAGTCGT,Ad08
SRR1044479,TAGAGTCGT,Ad14
SRR1044482,TAGGATCGT,Ad15
SRR1044485,TATCATCGT,Ad16
SRR1044487,TGATGTCGT,Ad17
SRR1044489,TCGATTCGT,Ad06
SRR1044494,TCCTATCGT,Ad05
SRR1044495,TCGATTCGT,Ad06
SRR1044496,TAACGTCGT,Ad12
SRR1044500,TCCACTCGT,Ad03
SRR1044502,TCTCCTCGT,Ad09
SRR1044451,TAGAGTCGT,Ad14
SRR1044453,TATCATCGT,Ad16
SRR1044460,TATCATCGT,Ad16
SRR1044468,TGTGTTCGT,Ad18
SRR1044488,TCGCGTCGT,Ad07
SRR1044499,TCCGTTCGT,Ad04
SRR1044501,TCTGATCGT,Ad10
SRR1044527,TCGCGTCGT,Ad07
SRR1044524,TGATGTCGT,Ad17
SRR1044529,TAACGTCGT,Ad12
SRR1044535,TCACTTCGT,Ad01
SRR1044536,TAGAGTCGT,Ad14
SRR1044544,TCCACTCGT,Ad03
SRR1044549,TCTCCTCGT,Ad09
SRR1044551,TTACATCGT,Ad19
SRR1044555,TTAAGTCGT,Ad11
SRR1044560,TCCGTTCGT,Ad04
SRR1044566,TCGCGTCGT,Ad07
SRR1044577,TCTGATCGT,Ad10
SRR1044578,TAATATCGT,Ad13
SRR1044523,TGTGTTCGT,Ad18
SRR1044528,TTAAGTCGT,Ad11
SRR1044534,TAATATCGT,Ad13
SRR1044550,TTGGTTCGT,Ad20
SRR1044565,TCTAGTCGT,Ad08
SRR1044576,TTAAGTCGT,Ad11
SRR1044422,TCACTTCGT,Ad01
SRR1044423,TCATCTCGT,Ad02
SRR1044424,TCCACTCGT,Ad03
SRR1044456,TCTCCTCGT,Ad09
SRR1044455,TCTGATCGT,Ad10
SRR1044522,TTAAGTCGT,Ad11
SRR1044521,TAACGTCGT,Ad12
SRR1044425,TCACTTCGT,Ad01
SRR1044427,TCATCTCGT,Ad02
SRR1044429,TCCACTCGT,Ad03
SRR1044431,TCCGTTCGT,Ad04
SRR1044433,TAACGTCGT,Ad12
SRR1044434,TAATATCGT,Ad13
SRR1044435,TGTGTTCGT,Ad18
SRR1044436,TTACATCGT,Ad19
SRR1044437,TTGGTTCGT,Ad20
SRR1044438,TCTCCTCGT,Ad09
SRR1044439,TTGGTTCGT,Ad20
SRR1044440,TAGAGTCGT,Ad14
SRR1044441,TTACATCGT,Ad19
SRR1044442,TAGAGTCGT,Ad14
SRR1044443,TAGGATCGT,Ad15
SRR1044444,TTGGTTCGT,Ad20
SRR1044445,TATCATCGT,Ad16
SRR1044464,TCCTATCGT,Ad05
SRR1044465,TTAAGTCGT,Ad11
SRR1044471,TAACGTCGT,Ad12
SRR1044481,TCACTTCGT,Ad01
SRR1044484,TCCACTCGT,Ad03
SRR1044486,TCGCGTCGT,Ad07
SRR1044491,TCTCCTCGT,Ad09
SRR1044498,TGATGTCGT,Ad17
SRR1044505,TCGCGTCGT,Ad07
SRR1044462,TCGATTCGT,Ad06
SRR1044483,TCCGTTCGT,Ad04
SRR1044503,TCTAGTCGT,Ad08
SRR1044480,TCATCTCGT,Ad02
SRR1044497,TGTGTTCGT,Ad18
SRR1044504,TCTGATCGT,Ad10
SRR1044463,TTACATCGT,Ad19
SRR1044470,TTGGTTCGT,Ad20
SRR1044490,TGATGTCGT,Ad17
SRR1044526,TTAAGTCGT,Ad11
SRR1044531,TCCTATCGT,Ad05
SRR1044539,TCACTTCGT,Ad01
SRR1044540,TCGATTCGT,Ad06
SRR1044546,TCCACTCGT,Ad03
SRR1044548,TCGCGTCGT,Ad07
SRR1044554,TCCGTTCGT,Ad04
SRR1044557,TCTCCTCGT,Ad09
SRR1044559,TTAAGTCGT,Ad11
SRR1044562,TAATATCGT,Ad13
SRR1044564,TAGGATCGT,Ad15
SRR1044568,TGATGTCGT,Ad17
SRR1044569,TCGCGTCGT,Ad07
SRR1044573,TCTAGTCGT,Ad08
SRR1044580,TCCTATCGT,Ad05
SRR1044582,TCTCCTCGT,Ad09
SRR1044584,TAATATCGT,Ad13
SRR1044586,TAGGATCGT,Ad15
SRR1044537,TCATCTCGT,Ad02
SRR1044547,TCTAGTCGT,Ad08
SRR1044552,TCCTATCGT,Ad05
SRR1044563,TATCATCGT,Ad16
SRR1044579,TCGATTCGT,Ad06
SRR1044581,TCTGATCGT,Ad10
SRR1044585,TATCATCGT,Ad16
SRR1044525,TAACGTCGT,Ad12
SRR1044545,TCCGTTCGT,Ad04
SRR1044553,TCGATTCGT,Ad06
SRR1044556,TCTGATCGT,Ad10
SRR1044558,TAACGTCGT,Ad12
SRR1044561,TAGAGTCGT,Ad14
SRR1044583,TAGAGTCGT,Ad14
SRR1044530,TAATATCGT,Ad13
SRR1044538,TAGAGTCGT,Ad14
SRR1044567,TAGGATCGT,Ad15
SRR1044572,TGTGTTCGT,Ad18
SRR1044506,TCACTTCGT,Ad01
SRR1044507,TCTCCTCGT,Ad09
SRR1044508,TCTGATCGT,Ad10
SRR1044509,TGTGTTCGT,Ad18
SRR1044587,TCATCTCGT,Ad02
SRR1044588,TCCACTCGT,Ad03
SRR1044589,TCCGTTCGT,Ad04
SRR1044590,TCCTATCGT,Ad05
SRR1044591,TCGATTCGT,Ad06
SRR1044592,TCGCGTCGT,Ad07
SRR1044593,TCTAGTCGT,Ad08
SRR1044594,TTAAGTCGT,Ad11
SRR1044595,TAATATCGT,Ad13
SRR1044596,TGATGTCGT,Ad17
SRR1044426,TCACTTCGT,Ad01
SRR1044428,TCATCTCGT,Ad02
SRR1044430,TCCACTCGT,Ad03
SRR1044432,TCCGTTCGT,Ad04
SRR1044467,TTAAGTCGT,Ad11
SRR1044473,TAACGTCGT,Ad12
SRR1044493,TCTCCTCGT,Ad09
SRR1044466,TTACATCGT,Ad19
SRR1044472,TTGGTTCGT,Ad20
SRR1044492,TGATGTCGT,Ad17
SRR1044533,TCCTATCGT,Ad05
SRR1044543,TCGATTCGT,Ad06
SRR1044571,TCGCGTCGT,Ad07
SRR1044575,TCTAGTCGT,Ad08
SRR1044532,TAATATCGT,Ad13
SRR1044542,TAGAGTCGT,Ad14
SRR1044570,TAGGATCGT,Ad15
SRR1044574,TGTGTTCGT,Ad18
SRR1044446,TCTGATCGT,Ad10
SRR1044447,TCCACTCGT,Ad03
SRR1044448,TCGCGTCGT,Ad07
SRR1044449,TCGATTCGT,Ad06
SRR1044450,TCACTTCGT,Ad01
SRR1044514,TAGGATCGT,Ad15
SRR1044459,TCGATTCGT,Ad06
SRR1044541,TCATCTCGT,Ad02
SRR1044518,TAACGTCGT,Ad12
SRR1044519,TAACGTCGT,Ad12
SRR1044520,TAATATCGT,Ad13
SRR1044597,TTGGTTCGT,Ad20
SRR1044598,TAATATCGT,Ad13
SRR1044599,TAGAGTCGT,Ad14
