SRR_ID,Folder,Total_Reads,Reads_With_Adapter,Adapter_Percentage,Assigned_Barcode,Assigned_Adapter_ID,Full_Adapter,Status,Notes,Barcode_Start_Position_Median,RNA_Insert_Length_Median,Read_Length_Median
SRR1044415,MYOCARDIUM_51nt/01_NF,3548528,3515481,99.07,TCGCG,Ad07,TCGCGTCGTATGCCGTCTTCTGCTTG,Clean,All checks passed,23,22,51.0
SRR1044416,MYOCARDIUM_51nt/01_NF,5826954,5776174,99.13,TCTAG,Ad08,TCTAGTCGTATGCCGTCTTCTGCTTG,Clean,All checks passed,23.0,22.0,51.0
SRR1044417,MYOCARDIUM_51nt/01_NF,7484914,7453993,99.59,TCACT,Ad01,TCACTTCGTATGCCGTCTTCTGCTTG,Clean,All checks passed,23,22,51.0
SRR1044418,MYOCARDIUM_51nt/01_NF,8581965,8555201,99.69,TTGGT,Ad20,TTGGTTCGTATGCCGTCTTCTGCTTG,Clean,All checks passed,23,22,51
SRR1044419,MYOCARDIUM_51nt/01_NF,15468461,15422364,99.7,TGTGT,Ad18,TGTGTTCGTATGCCGTCTTCTGCTTG,Clean,All checks passed,23.0,22.0,51
SRR1044420,MYOCARDIUM_51nt/01_NF,8702592,8673875,99.67,TTACA,Ad19,TTACATCGTATGCCGTCTTCTGCTTG,Clean,All checks passed,23,22,51.0
SRR1044421,MYOCARDIUM_51nt/01_NF,6624520,6558016,99.0,TTAAG,Ad11,TTAAGTCGTATGCCGTCTTCTGCTTG,Clean,All checks passed,23.0,22.0,51.0
SRR1044513,MYOCARDIUM_51nt/02_FETAL,3681595,3674207,99.8,TTACA,Ad19,TTACATCGTATGCCGTCTTCTGCTTG,Clean,All checks passed,23,22,51
SRR1044515,MYOCARDIUM_51nt/02_FETAL,2736554,2728747,99.71,TTGGT,Ad20,TTGGTTCGTATGCCGTCTTCTGCTTG,Clean,All checks passed,23,22,51.0
SRR1044452,MYOCARDIUM_51nt/03_DCM_ADVANCED,3840917,3831850,99.76,TAATA,Ad13,TAATATCGTATGCCGTCTTCTGCTTG,Clean,All checks passed,23.0,22.0,51
SRR1044454,MYOCARDIUM_51nt/03_DCM_ADVANCED,4118394,4103247,99.63,TAGGA,Ad15,TAGGATCGTATGCCGTCTTCTGCTTG,Clean,All checks passed,23,22,51.0
SRR1044457,MYOCARDIUM_51nt/03_DCM_ADVANCED,3799824,3793082,99.82,TCCTA,Ad05,TCCTATCGTATGCCGTCTTCTGCTTG,Clean,All checks passed,23.0,22.0,51.0
SRR1044458,MYOCARDIUM_51nt/03_DCM_ADVANCED,13225342,13169085,99.57,TCCTA,Ad05,TCCTATCGTATGCCGTCTTCTGCTTG,Clean,All checks passed,23,22,51.0
SRR1044461,MYOCARDIUM_51nt/03_DCM_ADVANCED,7694170,7649008,99.41,TAGGA,Ad15,TAGGATCGTATGCCGTCTTCTGCTTG,Clean,All checks passed,23.0,22.0,51.0
SRR1044469,MYOCARDIUM_51nt/03_DCM_ADVANCED,9158773,9087502,99.22,TGATG,Ad17,TGATGTCGTATGCCGTCTTCTGCTTG,Clean,All checks passed,23.0,22.0,51
SRR1044474,MYOCARDIUM_51nt/03_DCM_ADVANCED,8599652,8572052,99.68,TCACT,Ad01,TCACTTCGTATGCCGTCTTCTGCTTG,Clean,All checks passed,23.0,22.0,51.0
SRR1044475,MYOCARDIUM_51nt/03_DCM_ADVANCED,9282613,9249370,99.64,TCATC,Ad02,TCATCTCGTATGCCGTCTTCTGCTTG,Clean,All checks passed,23.0,22.0,51
SRR1044476,MYOCARDIUM_51nt/03_DCM_ADVANCED,5933159,5910138,99.61,TCCAC,Ad03,TCCACTCGTATGCCGTCTTCTGCTTG,Clean,All checks passed,23.0,22.0,51
SRR1044477,MYOCARDIUM_51nt/03_DCM_ADVANCED,9881605,9846695,99.65,TCTCC,Ad09,TCTCCTCGTATGCCGTCTTCTGCTTG,Clean,All checks passed,23,22,51
SRR1044478,MYOCARDIUM_51nt/03_DCM_ADVANCED,7722918,7654384,99.11,TCTAG,Ad08,TCTAGTCGTATGCCGTCTTCTGCTTG,Clean,All checks passed,23.0,22.0,51.0
SRR1044479,MYOCARDIUM_51nt/03_DCM_ADVANCED,7671436,7573346,98.72,TAGAG,Ad14,TAGAGTCGTATGCCGTCTTCTGCTTG,Clean,All checks passed,23.0,22.0,51.0
SRR1044482,MYOCARDIUM_51nt/03_DCM_ADVANCED,8951350,8915491,99.6,TAGGA,Ad15,TAGGATCGTATGCCGTCTTCTGCTTG,Clean,All checks passed,23,22,51.0
SRR1044485,MYOCARDIUM_51nt/03_DCM_ADVANCED,10186704,10154383,99.68,TATCA,Ad16,TATCATCGTATGCCGTCTTCTGCTTG,Clean,All checks passed,23,22,51.0
SRR1044487,MYOCARDIUM_51nt/03_DCM_ADVANCED,8786887,8735552,99.42,TGATG,Ad17,TGATGTCGTATGCCGTCTTCTGCTTG,Clean,All checks passed,23.0,22.0,51
SRR1044489,MYOCARDIUM_51nt/03_DCM_ADVANCED,8524085,8483692,99.53,TCGAT,Ad06,TCGATTCGTATGCCGTCTTCTGCTTG,Clean,All checks passed,23.0,22.0,51
SRR1044494,MYOCARDIUM_51nt/03_DCM_ADVANCED,10428140,10398514,99.72,TCCTA,Ad05,TCCTATCGTATGCCGTCTTCTGCTTG,Clean,All checks passed,23.0,22.0,51.0
SRR1044495,MYOCARDIUM_51nt/03_DCM_ADVANCED,11200784,11161858,99.65,TCGAT,Ad06,TCGATTCGTATGCCGTCTTCTGCTTG,Clean,All checks passed,23.0,22.0,51.0
SRR1044496,MYOCARDIUM_51nt/03_DCM_ADVANCED,6511732,6467802,99.33,TAACG,Ad12,TAACGTCGTATGCCGTCTTCTGCTTG,Clean,All checks passed,23.0,22.0,51.0
SRR1044500,MYOCARDIUM_51nt/03_DCM_ADVANCED,5937094,5908594,99.52,TCCAC,Ad03,TCCACTCGTATGCCGTCTTCTGCTTG,Clean,All checks passed,23.0,22.0,51.0
SRR1044502,MYOCARDIUM_51nt/03_DCM_ADVANCED,6490869,6456504,99.47,TCTCC,Ad09,TCTCCTCGTATGCCGTCTTCTGCTTG,Clean,All checks passed,23.0,22.0,51
SRR1044451,MYOCARDIUM_51nt/04_DCM_EXPLANT,2755926,2712790,98.43,TAGAG,Ad14,TAGAGTCGTATGCCGTCTTCTGCTTG,Clean,All checks passed,23.0,22.0,51.0
SRR1044453,MYOCARDIUM_51nt/04_DCM_EXPLANT,5987779,5973677,99.76,TATCA,Ad16,TATCATCGTATGCCGTCTTCTGCTTG,Clean,All checks passed,23,22,51
SRR1044460,MYOCARDIUM_51nt/04_DCM_EXPLANT,7112234,7083428,99.59,TATCA,Ad16,TATCATCGTATGCCGTCTTCTGCTTG,Clean,All checks passed,23.0,22.0,51.0
SRR1044468,MYOCARDIUM_51nt/04_DCM_EXPLANT,8561069,8526170,99.59,TGTGT,Ad18,TGTGTTCGTATGCCGTCTTCTGCTTG,Clean,All checks passed,23.0,22.0,51
SRR1044488,MYOCARDIUM_51nt/04_DCM_EXPLANT,7446889,7375159,99.04,TCGCG,Ad07,TCGCGTCGTATGCCGTCTTCTGCTTG,Clean,All checks passed,23,22,51
SRR1044499,MYOCARDIUM_51nt/04_DCM_EXPLANT,9902337,9854486,99.52,TCCGT,Ad04,TCCGTTCGTATGCCGTCTTCTGCTTG,Clean,All checks passed,23.0,22.0,51
SRR1044501,MYOCARDIUM_51nt/04_DCM_EXPLANT,10815189,10761508,99.5,TCTGA,Ad10,TCTGATCGTATGCCGTCTTCTGCTTG,Clean,All checks passed,23.0,22.0,51
SRR1044527,MYOCARDIUM_51nt/05_ICM_ADVANCED,2686658,2658259,98.94,TCGCG,Ad07,TCGCGTCGTATGCCGTCTTCTGCTTG,Clean,All checks passed,23,22,51.0
SRR1044524,MYOCARDIUM_51nt/05_ICM_ADVANCED,3662688,3637932,99.32,TGATG,Ad17,TGATGTCGTATGCCGTCTTCTGCTTG,Clean,All checks passed,23.0,22.0,51.0
SRR1044529,MYOCARDIUM_51nt/05_ICM_ADVANCED,5026856,4982823,99.12,TAACG,Ad12,TAACGTCGTATGCCGTCTTCTGCTTG,Clean,All checks passed,23,22,51.0
SRR1044535,MYOCARDIUM_51nt/05_ICM_ADVANCED,5413546,5392793,99.62,TCACT,Ad01,TCACTTCGTATGCCGTCTTCTGCTTG,Clean,All checks passed,23,22,51.0
SRR1044536,MYOCARDIUM_51nt/05_ICM_ADVANCED,6297782,6206333,98.55,TAGAG,Ad14,TAGAGTCGTATGCCGTCTTCTGCTTG,Clean,All checks passed,23,22,51.0
SRR1044544,MYOCARDIUM_51nt/05_ICM_ADVANCED,3161997,3149991,99.62,TCCAC,Ad03,TCCACTCGTATGCCGTCTTCTGCTTG,Clean,All checks passed,23,22,51
SRR1044549,MYOCARDIUM_51nt/05_ICM_ADVANCED,2918555,2907883,99.63,TCTCC,Ad09,TCTCCTCGTATGCCGTCTTCTGCTTG,Clean,All checks passed,23,22,51
SRR1044551,MYOCARDIUM_51nt/05_ICM_ADVANCED,8323871,8287100,99.56,TTACA,Ad19,TTACATCGTATGCCGTCTTCTGCTTG,Clean,All checks passed,23.0,22.0,51
SRR1044555,MYOCARDIUM_51nt/05_ICM_ADVANCED,3774792,3739823,99.07,TTAAG,Ad11,TTAAGTCGTATGCCGTCTTCTGCTTG,Clean,All checks passed,23,22,51.0
SRR1044560,MYOCARDIUM_51nt/05_ICM_ADVANCED,7660856,7635420,99.67,TCCGT,Ad04,TCCGTTCGTATGCCGTCTTCTGCTTG,Clean,All checks passed,23.0,22.0,51.0
SRR1044566,MYOCARDIUM_51nt/05_ICM_ADVANCED,5216151,5174273,99.2,TCGCG,Ad07,TCGCGTCGTATGCCGTCTTCTGCTTG,Clean,All checks passed,23,22,51
SRR1044577,MYOCARDIUM_51nt/05_ICM_ADVANCED,13065799,13018911,99.64,TCTGA,Ad10,TCTGATCGTATGCCGTCTTCTGCTTG,Clean,All checks passed,23,22,51
SRR1044578,MYOCARDIUM_51nt/05_ICM_ADVANCED,9497038,9466557,99.68,TAATA,Ad13,TAATATCGTATGCCGTCTTCTGCTTG,Clean,All checks passed,23,22,51.0
SRR1044523,MYOCARDIUM_51nt/06_ICM_EXPLANT,4833659,4818261,99.68,TGTGT,Ad18,TGTGTTCGTATGCCGTCTTCTGCTTG,Clean,All checks passed,23,22,51
SRR1044528,MYOCARDIUM_51nt/06_ICM_EXPLANT,7814519,7734732,98.98,TTAAG,Ad11,TTAAGTCGTATGCCGTCTTCTGCTTG,Clean,All checks passed,23.0,22.0,51
SRR1044534,MYOCARDIUM_51nt/06_ICM_EXPLANT,6531494,6502982,99.56,TAATA,Ad13,TAATATCGTATGCCGTCTTCTGCTTG,Clean,All checks passed,23.0,22.0,51.0
SRR1044550,MYOCARDIUM_51nt/06_ICM_EXPLANT,7502073,7467847,99.54,TTGGT,Ad20,TTGGTTCGTATGCCGTCTTCTGCTTG,Clean,All checks passed,23,22,51
SRR1044565,MYOCARDIUM_51nt/06_ICM_EXPLANT,7179912,7131526,99.33,TCTAG,Ad08,TCTAGTCGTATGCCGTCTTCTGCTTG,Clean,All checks passed,23.0,22.0,51.0
SRR1044576,MYOCARDIUM_51nt/06_ICM_EXPLANT,6574418,6520346,99.18,TTAAG,Ad11,TTAAGTCGTATGCCGTCTTCTGCTTG,Clean,All checks passed,23.0,22.0,51.0
SRR1044422,MYOCARDIUM_36nt/01_NF,2703908,2633741,97.4,TCACT,Ad01,TCACTTCGTATGCCGTCTTCTGCTTG,Clean,All checks passed,23,22,36.0
SRR1044423,MYOCARDIUM_36nt/01_NF,1728255,1680497,97.24,TCATC,Ad02,TCATCTCGTATGCCGTCTTCTGCTTG,Clean,All checks passed,23,22,36
SRR1044424,MYOCARDIUM_36nt/01_NF,2375592,2300018,96.82,TCCAC,Ad03,TCCACTCGTATGCCGTCTTCTGCTTG,Clean,All checks passed,23.0,22.0,36.0
SRR1044456,MYOCARDIUM_36nt/02_DCM_ADVANCED,2907625,2827353,97.24,TCTCC,Ad09,TCTCCTCGTATGCCGTCTTCTGCTTG,Clean,All checks passed,23,22,36
SRR1044455,MYOCARDIUM_36nt/03_DCM_EXPLANT,3117393,3033196,97.3,TCTGA,Ad10,TCTGATCGTATGCCGTCTTCTGCTTG,Clean,All checks passed,23.0,22.0,36
SRR1044522,MYOCARDIUM_36nt/04_ICM_ADVANCED,1736274,1653639,95.24,TTAAG,Ad11,TTAAGTCGTATGCCGTCTTCTGCTTG,Clean,All checks passed,23,22,36.0
SRR1044521,MYOCARDIUM_36nt/05_ICM_EXPLANT,2146161,2046773,95.37,TAACG,Ad12,TAACGTCGTATGCCGTCTTCTGCTTG,Clean,All checks passed,23,22,36
SRR1044425,PLASMA_51nt/01_NF,10086975,7223315,71.61,TCACT,Ad01,TCACTTCGTATGCCGTCTTCTGCTTG,WARNING,Weak dominant barcode (71.6%),23,22,51
SRR1044427,PLASMA_51nt/01_NF,3282957,2558936,77.95,TCATC,Ad02,TCATCTCGTATGCCGTCTTCTGCTTG,WARNING,Weak dominant barcode (77.9%),32.0,31.0,51
SRR1044429,PLASMA_51nt/01_NF,968480,578176,59.7,TCCAC,Ad03,TCCACTCGTATGCCGTCTTCTGCTTG,WARNING,Low adapter rate (59.7%); Weak dominant barcode (59.7%),25.0,24.0,51.0
SRR1044431,PLASMA_51nt/01_NF,3379568,2493966,73.8,TCCGT,Ad04,TCCGTTCGTATGCCGTCTTCTGCTTG,WARNING,Weak dominant barcode (73.8%),24.0,23.0,51.0
SRR1044433,PLASMA_51nt/01_NF,2858442,2779524,97.24,TAACG,Ad12,TAACGTCGTATGCCGTCTTCTGCTTG,Clean,All checks passed,23.0,22.0,51.0
SRR1044434,PLASMA_51nt/01_NF,1625079,1605793,98.81,TAATA,Ad13,TAATATCGTATGCCGTCTTCTGCTTG,Clean,All checks passed,24,23,51
SRR1044435,PLASMA_51nt/01_NF,3269380,3254657,99.55,TGTGT,Ad18,TGTGTTCGTATGCCGTCTTCTGCTTG,Clean,All checks passed,25,24,51.0
SRR1044436,PLASMA_51nt/01_NF,13170685,12537808,95.19,TTACA,Ad19,TTACATCGTATGCCGTCTTCTGCTTG,Clean,All checks passed,24.0,23.0,51
SRR1044437,PLASMA_51nt/01_NF,3613893,3597940,99.56,TTGGT,Ad20,TTGGTTCGTATGCCGTCTTCTGCTTG,Clean,All checks passed,24.0,23.0,51
SRR1044438,PLASMA_51nt/01_NF,2848494,2838900,99.66,TCTCC,Ad09,TCTCCTCGTATGCCGTCTTCTGCTTG,Clean,All checks passed,24.0,23.0,51.0
SRR1044439,PLASMA_51nt/01_NF,12868953,12305215,95.62,TTGGT,Ad20,TTGGTTCGTATGCCGTCTTCTGCTTG,Clean,All checks passed,24,23,51
SRR1044440,PLASMA_51nt/01_NF,2395953,2375901,99.16,TAGAG,Ad14,TAGAGTCGTATGCCGTCTTCTGCTTG,Clean,All checks passed,24,23,51
SRR1044441,PLASMA_51nt/01_NF,19553533,19131112,97.84,TTACA,Ad19,TTACATCGTATGCCGTCTTCTGCTTG,Clean,All checks passed,23.0,22.0,51
SRR1044442,PLASMA_51nt/01_NF,3892093,3781892,97.17,TAGAG,Ad14,TAGAGTCGTATGCCGTCTTCTGCTTG,Clean,All checks passed,23.0,22.0,51
SRR1044443,PLASMA_51nt/01_NF,1924826,1873484,97.33,TAGGA,Ad15,TAGGATCGTATGCCGTCTTCTGCTTG,Clean,All checks passed,23.0,22.0,51.0
SRR1044444,PLASMA_51nt/01_NF,13184653,12915053,97.96,TTGGT,Ad20,TTGGTTCGTATGCCGTCTTCTGCTTG,Clean,All checks passed,23,22,51
SRR1044445,PLASMA_51nt/01_NF,4873254,4762073,97.72,TATCA,Ad16,TATCATCGTATGCCGTCTTCTGCTTG,Clean,All checks passed,24,23,51.0
SRR1044464,PLASMA_51nt/02_DCM_ADVANCED,2998722,2870283,95.72,TCCTA,Ad05,TCCTATCGTATGCCGTCTTCTGCTTG,Clean,All checks passed,24,23,51.0
SRR1044465,PLASMA_51nt/02_DCM_ADVANCED,875255,665709,76.06,TTAAG,Ad11,TTAAGTCGTATGCCGTCTTCTGCTTG,WARNING,Weak dominant barcode (76.0%),23,22,51
SRR1044471,PLASMA_51nt/02_DCM_ADVANCED,250113,235252,94.06,TAACG,Ad12,TAACGTCGTATGCCGTCTTCTGCTTG,Clean,All checks passed,23.0,22.0,51
SRR1044481,PLASMA_51nt/02_DCM_ADVANCED,4307593,4225141,98.09,TCACT,Ad01,TCACTTCGTATGCCGTCTTCTGCTTG,Clean,All checks passed,23,22,51
SRR1044484,PLASMA_51nt/02_DCM_ADVANCED,5770183,5665760,98.19,TCCAC,Ad03,TCCACTCGTATGCCGTCTTCTGCTTG,Clean,All checks passed,23.0,22.0,51
SRR1044486,PLASMA_51nt/02_DCM_ADVANCED,4876686,4751743,97.44,TCGCG,Ad07,TCGCGTCGTATGCCGTCTTCTGCTTG,Clean,All checks passed,23,22,51.0
SRR1044491,PLASMA_51nt/02_DCM_ADVANCED,3787931,2314962,61.11,TCTCC,Ad09,TCTCCTCGTATGCCGTCTTCTGCTTG,WARNING,Low adapter rate (61.1%); Weak dominant barcode (61.1%),23.0,22.0,51
SRR1044498,PLASMA_51nt/02_DCM_ADVANCED,3127806,3047848,97.44,TGATG,Ad17,TGATGTCGTATGCCGTCTTCTGCTTG,Clean,All checks passed,23.0,22.0,51.0
SRR1044505,PLASMA_51nt/02_DCM_ADVANCED,161160,160176,99.39,TCGCG,Ad07,TCGCGTCGTATGCCGTCTTCTGCTTG,Clean,All checks passed,23.0,22.0,51.0
SRR1044462,PLASMA_51nt/03_DCM_3M_LVAD,993272,945340,95.17,TCGAT,Ad06,TCGATTCGTATGCCGTCTTCTGCTTG,Clean,All checks passed,24.0,23.0,51.0
SRR1044483,PLASMA_51nt/03_DCM_3M_LVAD,787488,769302,97.69,TCCGT,Ad04,TCCGTTCGTATGCCGTCTTCTGCTTG,Clean,All checks passed,23.0,22.0,51.0
SRR1044503,PLASMA_51nt/03_DCM_3M_LVAD,2178587,2164464,99.35,TCTAG,Ad08,TCTAGTCGTATGCCGTCTTCTGCTTG,Clean,All checks passed,24.0,23.0,51
SRR1044480,PLASMA_51nt/04_DCM_6M_LVAD,1708456,1677602,98.19,TCATC,Ad02,TCATCTCGTATGCCGTCTTCTGCTTG,Clean,All checks passed,23.0,22.0,51.0
SRR1044497,PLASMA_51nt/04_DCM_6M_LVAD,15842442,15552619,98.17,TGTGT,Ad18,TGTGTTCGTATGCCGTCTTCTGCTTG,Clean,All checks passed,23,22,51.0
SRR1044504,PLASMA_51nt/04_DCM_6M_LVAD,1017310,1007809,99.07,TCTGA,Ad10,TCTGATCGTATGCCGTCTTCTGCTTG,Clean,All checks passed,24,23,51.0
SRR1044463,PLASMA_51nt/05_DCM_EXPLANT,5832459,2924158,50.14,TTACA,Ad19,TTACATCGTATGCCGTCTTCTGCTTG,WARNING,Low adapter rate (50.1%); Weak dominant barcode (50.1%),23.0,22.0,51
SRR1044470,PLASMA_51nt/05_DCM_EXPLANT,887146,680855,76.75,TTGGT,Ad20,TTGGTTCGTATGCCGTCTTCTGCTTG,WARNING,Weak dominant barcode (76.7%),22,21,51.0
SRR1044490,PLASMA_51nt/05_DCM_EXPLANT,331960,309225,93.15,TGATG,Ad17,TGATGTCGTATGCCGTCTTCTGCTTG,Clean,All checks passed,23,22,51.0
SRR1044526,PLASMA_51nt/06_ICM_ADVANCED,208221,205850,98.86,TTAAG,Ad11,TTAAGTCGTATGCCGTCTTCTGCTTG,Clean,All checks passed,23.0,22.0,51
SRR1044531,PLASMA_51nt/06_ICM_ADVANCED,393103,249016,63.35,TCCTA,Ad05,TCCTATCGTATGCCGTCTTCTGCTTG,WARNING,Low adapter rate (63.3%); Weak dominant barcode (63.3%),23.0,22.0,51
SRR1044539,PLASMA_51nt/06_ICM_ADVANCED,4214914,4027135,95.54,TCACT,Ad01,TCACTTCGTATGCCGTCTTCTGCTTG,Clean,All checks passed,24,23,51.0
SRR1044540,PLASMA_51nt/06_ICM_ADVANCED,573171,348678,60.83,TCGAT,Ad06,TCGATTCGTATGCCGTCTTCTGCTTG,WARNING,Low adapter rate (60.8%); Weak dominant barcode (60.8%),23.0,22.0,51
SRR1044546,PLASMA_51nt/06_ICM_ADVANCED,1951156,1869440,95.81,TCCAC,Ad03,TCCACTCGTATGCCGTCTTCTGCTTG,Clean,All checks passed,23.0,22.0,51.0
SRR1044548,PLASMA_51nt/06_ICM_ADVANCED,1360317,1293043,95.05,TCGCG,Ad07,TCGCGTCGTATGCCGTCTTCTGCTTG,Clean,All checks passed,23,22,51
SRR1044554,PLASMA_51nt/06_ICM_ADVANCED,295431,293235,99.26,TCCGT,Ad04,TCCGTTCGTATGCCGTCTTCTGCTTG,Clean,All checks passed,23,22,51
SRR1044557,PLASMA_51nt/06_ICM_ADVANCED,1248349,1121061,89.8,TCTCC,Ad09,TCTCCTCGTATGCCGTCTTCTGCTTG,Clean,All checks passed,23,22,51
SRR1044559,PLASMA_51nt/06_ICM_ADVANCED,1004438,944945,94.08,TTAAG,Ad11,TTAAGTCGTATGCCGTCTTCTGCTTG,Clean,All checks passed,23,22,51.0
SRR1044562,PLASMA_51nt/06_ICM_ADVANCED,129144,122255,94.67,TAATA,Ad13,TAATATCGTATGCCGTCTTCTGCTTG,Clean,All checks passed,23,22,51.0
SRR1044564,PLASMA_51nt/06_ICM_ADVANCED,399586,379120,94.88,TAGGA,Ad15,TAGGATCGTATGCCGTCTTCTGCTTG,Clean,All checks passed,23.0,22.0,51.0
SRR1044568,PLASMA_51nt/06_ICM_ADVANCED,714505,680463,95.24,TGATG,Ad17,TGATGTCGTATGCCGTCTTCTGCTTG,Clean,All checks passed,23,22,51
SRR1044569,PLASMA_51nt/06_ICM_ADVANCED,1422104,1001123,70.4,TCGCG,Ad07,TCGCGTCGTATGCCGTCTTCTGCTTG,WARNING,Weak dominant barcode (70.4%),23,22,51.0
SRR1044573,PLASMA_51nt/06_ICM_ADVANCED,1288032,873662,67.83,TCTAG,Ad08,TCTAGTCGTATGCCGTCTTCTGCTTG,WARNING,Low adapter rate (67.8%); Weak dominant barcode (67.8%),24.0,23.0,51.0
SRR1044580,PLASMA_51nt/06_ICM_ADVANCED,1876749,1842017,98.15,TCCTA,Ad05,TCCTATCGTATGCCGTCTTCTGCTTG,Clean,All checks passed,23,22,51
SRR1044582,PLASMA_51nt/06_ICM_ADVANCED,5109584,5013163,98.11,TCTCC,Ad09,TCTCCTCGTATGCCGTCTTCTGCTTG,Clean,All checks passed,23,22,51.0
SRR1044584,PLASMA_51nt/06_ICM_ADVANCED,5174012,5060973,97.82,TAATA,Ad13,TAATATCGTATGCCGTCTTCTGCTTG,Clean,All checks passed,23,22,51.0
SRR1044586,PLASMA_51nt/06_ICM_ADVANCED,2842469,2775328,97.64,TAGGA,Ad15,TAGGATCGTATGCCGTCTTCTGCTTG,Clean,All checks passed,23.0,22.0,51
SRR1044537,PLASMA_51nt/07_ICM_3M_LVAD,474707,455749,96.01,TCATC,Ad02,TCATCTCGTATGCCGTCTTCTGCTTG,Clean,All checks passed,24,23,51
SRR1044547,PLASMA_51nt/07_ICM_3M_LVAD,811262,767830,94.65,TCTAG,Ad08,TCTAGTCGTATGCCGTCTTCTGCTTG,Clean,All checks passed,23.0,22.0,51.0
SRR1044552,PLASMA_51nt/07_ICM_3M_LVAD,2054306,2040835,99.34,TCCTA,Ad05,TCCTATCGTATGCCGTCTTCTGCTTG,Clean,All checks passed,24,23,51.0
SRR1044563,PLASMA_51nt/07_ICM_3M_LVAD,1397131,1332620,95.38,TATCA,Ad16,TATCATCGTATGCCGTCTTCTGCTTG,Clean,All checks passed,24.0,23.0,51
SRR1044579,PLASMA_51nt/07_ICM_3M_LVAD,15143625,14807036,97.78,TCGAT,Ad06,TCGATTCGTATGCCGTCTTCTGCTTG,Clean,All checks passed,23.0,22.0,51
SRR1044581,PLASMA_51nt/07_ICM_3M_LVAD,12946121,12658864,97.78,TCTGA,Ad10,TCTGATCGTATGCCGTCTTCTGCTTG,Clean,All checks passed,23.0,22.0,51
SRR1044585,PLASMA_51nt/07_ICM_3M_LVAD,19996457,19611790,98.08,TATCA,Ad16,TATCATCGTATGCCGTCTTCTGCTTG,Clean,All checks passed,23.0,22.0,51
SRR1044525,PLASMA_51nt/08_ICM_6M_LVAD,773329,768346,99.36,TAACG,Ad12,TAACGTCGTATGCCGTCTTCTGCTTG,Clean,All checks passed,24.0,23.0,51
SRR1044545,PLASMA_51nt/08_ICM_6M_LVAD,2405933,2301654,95.67,TCCGT,Ad04,TCCGTTCGTATGCCGTCTTCTGCTTG,Clean,All checks passed,24.0,23.0,51
SRR1044553,PLASMA_51nt/08_ICM_6M_LVAD,1326742,1317375,99.29,TCGAT,Ad06,TCGATTCGTATGCCGTCTTCTGCTTG,Clean,All checks passed,24,23,51.0
SRR1044556,PLASMA_51nt/08_ICM_6M_LVAD,5618401,5334955,94.96,TCTGA,Ad10,TCTGATCGTATGCCGTCTTCTGCTTG,Clean,All checks passed,24,23,51
SRR1044558,PLASMA_51nt/08_ICM_6M_LVAD,2514916,2391684,95.1,TAACG,Ad12,TAACGTCGTATGCCGTCTTCTGCTTG,Clean,All checks passed,24.0,23.0,51.0
SRR1044561,PLASMA_51nt/08_ICM_6M_LVAD,2389399,2238990,93.71,TAGAG,Ad14,TAGAGTCGTATGCCGTCTTCTGCTTG,Clean,All checks passed,23.0,22.0,51
SRR1044583,PLASMA_51nt/08_ICM_6M_LVAD,8236348,7946531,96.48,TAGAG,Ad14,TAGAGTCGTATGCCGTCTTCTGCTTG,Clean,All checks passed,23,22,51.0
SRR1044530,PLASMA_51nt/09_ICM_EXPLANT,7976556,4297427,53.88,TAATA,Ad13,TAATATCGTATGCCGTCTTCTGCTTG,WARNING,Low adapter rate (53.9%); Weak dominant barcode (53.9%),23,22,51.0
SRR1044538,PLASMA_51nt/09_ICM_EXPLANT,1608344,1111307,69.1,TAGAG,Ad14,TAGAGTCGTATGCCGTCTTCTGCTTG,WARNING,Low adapter rate (69.1%); Weak dominant barcode (69.1%),23,22,51.0
SRR1044567,PLASMA_51nt/09_ICM_EXPLANT,2931050,1612862,55.03,TAGGA,Ad15,TAGGATCGTATGCCGTCTTCTGCTTG,WARNING,Low adapter rate (55.0%); Weak dominant barcode (55.0%),22.0,21.0,51.0
SRR1044572,PLASMA_51nt/09_ICM_EXPLANT,1108972,753164,67.92,TGTGT,Ad18,TGTGTTCGTATGCCGTCTTCTGCTTG,WARNING,Low adapter rate (67.9%); Weak dominant barcode (67.9%),24.0,23.0,51.0
SRR1044506,PLASMA_51nt/10_STABLE_HF,3716503,3604156,96.98,TCACT,Ad01,TCACTTCGTATGCCGTCTTCTGCTTG,Clean,All checks passed,24.0,23.0,51
SRR1044507,PLASMA_51nt/10_STABLE_HF,6160889,6019982,97.71,TCTCC,Ad09,TCTCCTCGTATGCCGTCTTCTGCTTG,Clean,All checks passed,23.0,22.0,51
SRR1044508,PLASMA_51nt/10_STABLE_HF,2197847,2130297,96.93,TCTGA,Ad10,TCTGATCGTATGCCGTCTTCTGCTTG,Clean,All checks passed,23,22,51
SRR1044509,PLASMA_51nt/10_STABLE_HF,2988465,2914407,97.52,TGTGT,Ad18,TGTGTTCGTATGCCGTCTTCTGCTTG,Clean,All checks passed,24,23,51
SRR1044587,PLASMA_51nt/10_STABLE_HF,4621479,4505967,97.5,TCATC,Ad02,TCATCTCGTATGCCGTCTTCTGCTTG,Clean,All checks passed,24,23,51
SRR1044588,PLASMA_51nt/10_STABLE_HF,13175640,12803651,97.18,TCCAC,Ad03,TCCACTCGTATGCCGTCTTCTGCTTG,Clean,All checks passed,24,23,51.0
SRR1044589,PLASMA_51nt/10_STABLE_HF,8991265,8766884,97.5,TCCGT,Ad04,TCCGTTCGTATGCCGTCTTCTGCTTG,Clean,All checks passed,24.0,23.0,51
SRR1044590,PLASMA_51nt/10_STABLE_HF,18139796,17516823,96.57,TCCTA,Ad05,TCCTATCGTATGCCGTCTTCTGCTTG,Clean,All checks passed,25,24,51.0
SRR1044591,PLASMA_51nt/10_STABLE_HF,9780155,9460072,96.73,TCGAT,Ad06,TCGATTCGTATGCCGTCTTCTGCTTG,Clean,All checks passed,24.0,23.0,51
SRR1044592,PLASMA_51nt/10_STABLE_HF,2735315,2636809,96.4,TCGCG,Ad07,TCGCGTCGTATGCCGTCTTCTGCTTG,Clean,All checks passed,25,24,51
SRR1044593,PLASMA_51nt/10_STABLE_HF,9932673,9594724,96.6,TCTAG,Ad08,TCTAGTCGTATGCCGTCTTCTGCTTG,Clean,All checks passed,24.0,23.0,51
SRR1044594,PLASMA_51nt/10_STABLE_HF,8935273,8635711,96.65,TTAAG,Ad11,TTAAGTCGTATGCCGTCTTCTGCTTG,Clean,All checks passed,24,23,51
SRR1044595,PLASMA_51nt/10_STABLE_HF,974617,950579,97.53,TAATA,Ad13,TAATATCGTATGCCGTCTTCTGCTTG,Clean,All checks passed,23,22,51
SRR1044596,PLASMA_51nt/10_STABLE_HF,3609215,3511292,97.29,TGATG,Ad17,TGATGTCGTATGCCGTCTTCTGCTTG,Clean,All checks passed,23.0,22.0,51
SRR1044426,SERUM_51nt/01_NF,2490404,2203326,88.47,TCACT,Ad01,TCACTTCGTATGCCGTCTTCTGCTTG,Clean,All checks passed,23.0,22.0,51.0
SRR1044428,SERUM_51nt/01_NF,1300109,791649,60.89,TCATC,Ad02,TCATCTCGTATGCCGTCTTCTGCTTG,WARNING,Low adapter rate (60.9%); Weak dominant barcode (60.9%),23,22,51
SRR1044430,SERUM_51nt/01_NF,823769,510472,61.97,TCCAC,Ad03,TCCACTCGTATGCCGTCTTCTGCTTG,WARNING,Low adapter rate (62.0%); Weak dominant barcode (61.9%),22.0,21.0,51
SRR1044432,SERUM_51nt/01_NF,616271,412927,67.0,TCCGT,Ad04,TCCGTTCGTATGCCGTCTTCTGCTTG,WARNING,Low adapter rate (67.0%); Weak dominant barcode (67.0%),25,24,51
SRR1044467,SERUM_51nt/02_DCM_ADVANCED,5204514,3500303,67.26,TTAAG,Ad11,TTAAGTCGTATGCCGTCTTCTGCTTG,WARNING,Low adapter rate (67.3%); Weak dominant barcode (67.2%),29,28,51.0
SRR1044473,SERUM_51nt/02_DCM_ADVANCED,1248003,961835,77.07,TAACG,Ad12,TAACGTCGTATGCCGTCTTCTGCTTG,WARNING,Weak dominant barcode (77.1%),24,23,51
SRR1044493,SERUM_51nt/02_DCM_ADVANCED,7488444,6174531,82.45,TCTCC,Ad09,TCTCCTCGTATGCCGTCTTCTGCTTG,Clean,All checks passed,31,30,51.0
SRR1044466,SERUM_51nt/03_DCM_EXPLANT,11415043,8632822,75.63,TTACA,Ad19,TTACATCGTATGCCGTCTTCTGCTTG,WARNING,Weak dominant barcode (75.6%),31.0,30.0,51
SRR1044472,SERUM_51nt/03_DCM_EXPLANT,11484303,9897703,86.18,TTGGT,Ad20,TTGGTTCGTATGCCGTCTTCTGCTTG,Clean,All checks passed,31,30,51
SRR1044492,SERUM_51nt/03_DCM_EXPLANT,3279272,2235797,68.18,TGATG,Ad17,TGATGTCGTATGCCGTCTTCTGCTTG,WARNING,Low adapter rate (68.2%); Weak dominant barcode (68.2%),31,30,51.0
SRR1044533,SERUM_51nt/04_ICM_ADVANCED,2885469,1804215,62.53,TCCTA,Ad05,TCCTATCGTATGCCGTCTTCTGCTTG,WARNING,Low adapter rate (62.5%); Weak dominant barcode (62.5%),31,30,51
SRR1044543,SERUM_51nt/04_ICM_ADVANCED,1673850,1000688,59.78,TCGAT,Ad06,TCGATTCGTATGCCGTCTTCTGCTTG,WARNING,Low adapter rate (59.8%); Weak dominant barcode (59.8%),25.0,24.0,51.0
SRR1044571,SERUM_51nt/04_ICM_ADVANCED,1138951,977163,85.79,TCGCG,Ad07,TCGCGTCGTATGCCGTCTTCTGCTTG,Clean,All checks passed,23,22,51
SRR1044575,SERUM_51nt/04_ICM_ADVANCED,823209,684572,83.16,TCTAG,Ad08,TCTAGTCGTATGCCGTCTTCTGCTTG,Clean,All checks passed,24.0,23.0,51
SRR1044532,SERUM_51nt/05_ICM_EXPLANT,11941910,9999496,83.73,TAATA,Ad13,TAATATCGTATGCCGTCTTCTGCTTG,Clean,All checks passed,31.0,30.0,51.0
SRR1044542,SERUM_51nt/05_ICM_EXPLANT,7534932,3764142,49.96,TAGAG,Ad14,TAGAGTCGTATGCCGTCTTCTGCTTG,WARNING,Low adapter rate (50.0%); Weak dominant barcode (50.0%),23.0,22.0,51.0
SRR1044570,SERUM_51nt/05_ICM_EXPLANT,5004078,3592918,71.8,TAGGA,Ad15,TAGGATCGTATGCCGTCTTCTGCTTG,WARNING,Weak dominant barcode (71.8%),30.0,29.0,51.0
SRR1044574,SERUM_51nt/05_ICM_EXPLANT,6213934,3507218,56.44,TGTGT,Ad18,TGTGTTCGTATGCCGTCTTCTGCTTG,WARNING,Low adapter rate (56.4%); Weak dominant barcode (56.4%),24.0,23.0,51.0
SRR1044446,OTHER_TISSUES/ADIPOSE,4410569,4343277,98.47,TCTGA,Ad10,TCTGATCGTATGCCGTCTTCTGCTTG,Clean,All checks passed,23,22,51
SRR1044447,OTHER_TISSUES/BRAIN,3106166,3083214,99.26,TCCAC,Ad03,TCCACTCGTATGCCGTCTTCTGCTTG,Clean,All checks passed,23.0,22.0,51.0
SRR1044448,OTHER_TISSUES/LIVER,989681,972860,98.3,TCGCG,Ad07,TCGCGTCGTATGCCGTCTTCTGCTTG,Clean,All checks passed,23.0,22.0,51
SRR1044449,OTHER_TISSUES/SKIN,1862436,1846579,99.15,TCGAT,Ad06,TCGATTCGTATGCCGTCTTCTGCTTG,Clean,All checks passed,23,22,51.0
SRR1044450,OTHER_TISSUES/SPLEEN,2159461,2144188,99.29,TCACT,Ad01,TCACTTCGTATGCCGTCTTCTGCTTG,Clean,All checks passed,23.0,22.0,51
SRR1044514,OTHER_TISSUES/SKELETAL_MUSCLE,3499810,3468558,99.11,TAGGA,Ad15,TAGGATCGTATGCCGTCTTCTGCTTG,Clean,All checks passed,23.0,22.0,76.0
SRR1044459,OTHER_TISSUES/SKELETAL_MUSCLE,4670439,4652098,99.61,TCGAT,Ad06,TCGATTCGTATGCCGTCTTCTGCTTG,Clean,All checks passed,23.0,22.0,51
SRR1044541,OTHER_TISSUES/SKELETAL_MUSCLE,2474547,2469053,99.78,TCATC,Ad02,TCATCTCGTATGCCGTCTTCTGCTTG,Clean,All checks passed,23,22,51
SRR1044518,OTHER_TISSUES/SKELETAL_MUSCLE,2793138,2747107,98.35,TAACG,Ad12,TAACGTCGTATGCCGTCTTCTGCTTG,Clean,All checks passed,23,22,76.0
SRR1044519,OTHER_TISSUES/HUVEC,3240368,3171605,97.88,TAACG,Ad12,TAACGTCGTATGCCGTCTTCTGCTTG,Clean,All checks passed,23,22,51.0
SRR1044520,OTHER_TISSUES/HUVEC,8861480,8722600,98.43,TAATA,Ad13,TAATATCGTATGCCGTCTTCTGCTTG,Clean,All checks passed,24.0,23.0,51.0
SRR1044597,OTHER_TISSUES/PBMC,1666432,1622968,97.39,TTGGT,Ad20,TTGGTTCGTATGCCGTCTTCTGCTTG,Clean,All checks passed,23.0,22.0,36.0
SRR1044598,OTHER_TISSUES/RBC,1290214,1286298,99.7,TAATA,Ad13,TAATATCGTATGCCGTCTTCTGCTTG,Clean,All checks passed,23.0,22.0,40.0
SRR1044599,OTHER_TISSUES/RBC,1789104,1778598,99.41,TAGAG,Ad14,TAGAGTCGTATGCCGTCTTCTGCTTG,Clean,All checks passed,23.0,22.0,40.0
