SRR_ID,Folder,Assigned_Barcode,Assigned_Adapter_ID,Full_Adapter,Total_Reads,Reads_9nt,Reads_5nt_Only,Reads_5nt_Total,Double_Hit_Reads,Double_Hit_Pct,Pct_9nt_Previous,Pct_9nt,Pct_5nt_Total,Pct_5nt_Only,Difference_5nt_minus_9nt,Status,Notes,Barcode_Position_9nt_Median,Barcode_Position_5nt_Only_Median,RNA_Insert_Length_9nt_Median,RNA_Insert_Length_5nt_Only_Median,Read_Length_Median,Trimming_Recommendation
SRR1044425,PLASMA_51nt/01_NF,TCACT,Ad01,TCACTTCGTATGCCGTCTTCTGCTTG,10086975,7221401,2865574,10086975,6977,0.0692,71.61,71.59,100.0,28.41,28.41,WARNING,"TCGT ERROR confirmed: double-hit rate=0.07% (below 10% threshold). Nearly all 5nt matches are genuine adapters. 9nt=71.59%, 5nt-total=100.00%, gap=28.41%. Barcode present and correctly placed in 100.00% of reads; TCGT suffix degraded/mutated in ~28.4% of those reads.",23,23.0,22,22.0,51,Trim at 5nt barcode position (remove everything from barcode onward)
SRR1044427,PLASMA_51nt/01_NF,TCATC,Ad02,TCATCTCGTATGCCGTCTTCTGCTTG,3282957,2558613,724344,3282957,1162,0.0354,77.95,77.94,100.0,22.06,22.06,WARNING,"TCGT ERROR confirmed: double-hit rate=0.04% (below 10% threshold). Nearly all 5nt matches are genuine adapters. 9nt=77.94%, 5nt-total=100.00%, gap=22.06%. Barcode present and correctly placed in 100.00% of reads; TCGT suffix degraded/mutated in ~22.1% of those reads.",32,23.0,31,22.0,51,Trim at 5nt barcode position (remove everything from barcode onward)
SRR1044429,PLASMA_51nt/01_NF,TCCAC,Ad03,TCCACTCGTATGCCGTCTTCTGCTTG,968480,578029,390451,968480,7799,0.8053,59.7,59.68,100.0,40.32,40.32,WARNING,"TCGT ERROR confirmed: double-hit rate=0.81% (below 10% threshold). Nearly all 5nt matches are genuine adapters. 9nt=59.68%, 5nt-total=100.00%, gap=40.32%. Barcode present and correctly placed in 100.00% of reads; TCGT suffix degraded/mutated in ~40.3% of those reads.",25,23,24,22,51.0,Trim at 5nt barcode position (remove everything from barcode onward)
SRR1044431,PLASMA_51nt/01_NF,TCCGT,Ad04,TCCGTTCGTATGCCGTCTTCTGCTTG,3379568,2493357,886211,3379568,2773,0.0821,73.8,73.78,100.0,26.22,26.22,WARNING,"TCGT ERROR confirmed: double-hit rate=0.08% (below 10% threshold). Nearly all 5nt matches are genuine adapters. 9nt=73.78%, 5nt-total=100.00%, gap=26.22%. Barcode present and correctly placed in 100.00% of reads; TCGT suffix degraded/mutated in ~26.2% of those reads.",24,23,23,22,51.0,Trim at 5nt barcode position (remove everything from barcode onward)
SRR1044465,PLASMA_51nt/02_DCM_ADVANCED,TTAAG,Ad11,TTAAGTCGTATGCCGTCTTCTGCTTG,875255,665677,209578,875255,328,0.0375,76.06,76.06,100.0,23.94,23.94,WARNING,"TCGT ERROR confirmed: double-hit rate=0.04% (below 10% threshold). Nearly all 5nt matches are genuine adapters. 9nt=76.06%, 5nt-total=100.00%, gap=23.94%. Barcode present and correctly placed in 100.00% of reads; TCGT suffix degraded/mutated in ~23.9% of those reads.",23,23.0,22,22.0,51,Trim at 5nt barcode position (remove everything from barcode onward)
SRR1044491,PLASMA_51nt/02_DCM_ADVANCED,TCTCC,Ad09,TCTCCTCGTATGCCGTCTTCTGCTTG,3787931,2314421,1473510,3787931,5828,0.1539,61.11,61.1,100.0,38.9,38.9,WARNING,"TCGT ERROR confirmed: double-hit rate=0.15% (below 10% threshold). Nearly all 5nt matches are genuine adapters. 9nt=61.10%, 5nt-total=100.00%, gap=38.90%. Barcode present and correctly placed in 100.00% of reads; TCGT suffix degraded/mutated in ~38.9% of those reads.",23,23.0,22,22.0,51,Trim at 5nt barcode position (remove everything from barcode onward)
SRR1044463,PLASMA_51nt/05_DCM_EXPLANT,TTACA,Ad19,TTACATCGTATGCCGTCTTCTGCTTG,5832459,2924077,2908382,5832459,19639,0.3367,50.14,50.13,100.0,49.87,49.87,WARNING,"TCGT ERROR confirmed: double-hit rate=0.34% (below 10% threshold). Nearly all 5nt matches are genuine adapters. 9nt=50.13%, 5nt-total=100.00%, gap=49.87%. Barcode present and correctly placed in 100.00% of reads; TCGT suffix degraded/mutated in ~49.9% of those reads.",23,23.0,22,22.0,51,Trim at 5nt barcode position (remove everything from barcode onward)
SRR1044470,PLASMA_51nt/05_DCM_EXPLANT,TTGGT,Ad20,TTGGTTCGTATGCCGTCTTCTGCTTG,887146,680751,206395,887146,16443,1.8535,76.75,76.73,100.0,23.27,23.27,WARNING,"TCGT ERROR confirmed: double-hit rate=1.85% (below 10% threshold). Nearly all 5nt matches are genuine adapters. 9nt=76.73%, 5nt-total=100.00%, gap=23.27%. Barcode present and correctly placed in 100.00% of reads; TCGT suffix degraded/mutated in ~23.3% of those reads.",22,23,21,22,51.0,Trim at 5nt barcode position (remove everything from barcode onward)
SRR1044531,PLASMA_51nt/06_ICM_ADVANCED,TCCTA,Ad05,TCCTATCGTATGCCGTCTTCTGCTTG,393103,248984,144119,393103,176,0.0448,63.35,63.34,100.0,36.66,36.66,WARNING,"TCGT ERROR confirmed: double-hit rate=0.04% (below 10% threshold). Nearly all 5nt matches are genuine adapters. 9nt=63.34%, 5nt-total=100.00%, gap=36.66%. Barcode present and correctly placed in 100.00% of reads; TCGT suffix degraded/mutated in ~36.7% of those reads.",23.0,23,22.0,22,51,Trim at 5nt barcode position (remove everything from barcode onward)
SRR1044540,PLASMA_51nt/06_ICM_ADVANCED,TCGAT,Ad06,TCGATTCGTATGCCGTCTTCTGCTTG,573171,348624,224547,573171,332,0.0579,60.83,60.82,100.0,39.18,39.18,WARNING,"TCGT ERROR confirmed: double-hit rate=0.06% (below 10% threshold). Nearly all 5nt matches are genuine adapters. 9nt=60.82%, 5nt-total=100.00%, gap=39.18%. Barcode present and correctly placed in 100.00% of reads; TCGT suffix degraded/mutated in ~39.2% of those reads.",23.0,23,22.0,22,51,Trim at 5nt barcode position (remove everything from barcode onward)
SRR1044569,PLASMA_51nt/06_ICM_ADVANCED,TCGCG,Ad07,TCGCGTCGTATGCCGTCTTCTGCTTG,1422104,1001049,421055,1422104,856,0.0602,70.4,70.39,100.0,29.61,29.61,WARNING,"TCGT ERROR confirmed: double-hit rate=0.06% (below 10% threshold). Nearly all 5nt matches are genuine adapters. 9nt=70.39%, 5nt-total=100.00%, gap=29.61%. Barcode present and correctly placed in 100.00% of reads; TCGT suffix degraded/mutated in ~29.6% of those reads.",23,23,22,22,51.0,Trim at 5nt barcode position (remove everything from barcode onward)
SRR1044573,PLASMA_51nt/06_ICM_ADVANCED,TCTAG,Ad08,TCTAGTCGTATGCCGTCTTCTGCTTG,1288032,873520,414512,1288032,612,0.0475,67.83,67.82,100.0,32.18,32.18,WARNING,"TCGT ERROR confirmed: double-hit rate=0.05% (below 10% threshold). Nearly all 5nt matches are genuine adapters. 9nt=67.82%, 5nt-total=100.00%, gap=32.18%. Barcode present and correctly placed in 100.00% of reads; TCGT suffix degraded/mutated in ~32.2% of those reads.",24.0,23.0,23.0,22.0,51.0,Trim at 5nt barcode position (remove everything from barcode onward)
SRR1044530,PLASMA_51nt/09_ICM_EXPLANT,TAATA,Ad13,TAATATCGTATGCCGTCTTCTGCTTG,7976556,4297166,3679390,7976556,13530,0.1696,53.88,53.87,100.0,46.13,46.13,WARNING,"TCGT ERROR confirmed: double-hit rate=0.17% (below 10% threshold). Nearly all 5nt matches are genuine adapters. 9nt=53.87%, 5nt-total=100.00%, gap=46.13%. Barcode present and correctly placed in 100.00% of reads; TCGT suffix degraded/mutated in ~46.1% of those reads.",23.0,23.0,22.0,22.0,51.0,Trim at 5nt barcode position (remove everything from barcode onward)
SRR1044538,PLASMA_51nt/09_ICM_EXPLANT,TAGAG,Ad14,TAGAGTCGTATGCCGTCTTCTGCTTG,1608344,1111290,497054,1608344,297,0.0185,69.1,69.1,100.0,30.9,30.9,WARNING,"TCGT ERROR confirmed: double-hit rate=0.02% (below 10% threshold). Nearly all 5nt matches are genuine adapters. 9nt=69.10%, 5nt-total=100.00%, gap=30.90%. Barcode present and correctly placed in 100.00% of reads; TCGT suffix degraded/mutated in ~30.9% of those reads.",23.0,23.0,22.0,22.0,51.0,Trim at 5nt barcode position (remove everything from barcode onward)
SRR1044567,PLASMA_51nt/09_ICM_EXPLANT,TAGGA,Ad15,TAGGATCGTATGCCGTCTTCTGCTTG,2931050,1612800,1318250,2931050,1791,0.0611,55.03,55.02,100.0,44.98,44.98,WARNING,"TCGT ERROR confirmed: double-hit rate=0.06% (below 10% threshold). Nearly all 5nt matches are genuine adapters. 9nt=55.02%, 5nt-total=100.00%, gap=44.98%. Barcode present and correctly placed in 100.00% of reads; TCGT suffix degraded/mutated in ~45.0% of those reads.",22.0,23.0,21.0,22.0,51.0,Trim at 5nt barcode position (remove everything from barcode onward)
SRR1044572,PLASMA_51nt/09_ICM_EXPLANT,TGTGT,Ad18,TGTGTTCGTATGCCGTCTTCTGCTTG,1108972,753074,355898,1108972,5769,0.5202,67.92,67.91,100.0,32.09,32.09,WARNING,"TCGT ERROR confirmed: double-hit rate=0.52% (below 10% threshold). Nearly all 5nt matches are genuine adapters. 9nt=67.91%, 5nt-total=100.00%, gap=32.09%. Barcode present and correctly placed in 100.00% of reads; TCGT suffix degraded/mutated in ~32.1% of those reads.",24.0,23.0,23.0,22.0,51.0,Trim at 5nt barcode position (remove everything from barcode onward)
SRR1044428,SERUM_51nt/01_NF,TCATC,Ad02,TCATCTCGTATGCCGTCTTCTGCTTG,1300109,791435,508674,1300109,2683,0.2064,60.89,60.87,100.0,39.13,39.13,WARNING,"TCGT ERROR confirmed: double-hit rate=0.21% (below 10% threshold). Nearly all 5nt matches are genuine adapters. 9nt=60.87%, 5nt-total=100.00%, gap=39.13%. Barcode present and correctly placed in 100.00% of reads; TCGT suffix degraded/mutated in ~39.1% of those reads.",23,23.0,22,22.0,51,Trim at 5nt barcode position (remove everything from barcode onward)
SRR1044430,SERUM_51nt/01_NF,TCCAC,Ad03,TCCACTCGTATGCCGTCTTCTGCTTG,823769,510128,313641,823769,21167,2.5695,61.97,61.93,100.0,38.07,38.07,WARNING,"TCGT ERROR confirmed: double-hit rate=2.57% (below 10% threshold). Nearly all 5nt matches are genuine adapters. 9nt=61.93%, 5nt-total=100.00%, gap=38.07%. Barcode present and correctly placed in 100.00% of reads; TCGT suffix degraded/mutated in ~38.1% of those reads.",22.0,23,21.0,22,51,Trim at 5nt barcode position (remove everything from barcode onward)
SRR1044432,SERUM_51nt/01_NF,TCCGT,Ad04,TCCGTTCGTATGCCGTCTTCTGCTTG,616271,412867,203404,616271,12502,2.0287,67.0,66.99,100.0,33.01,33.01,WARNING,"TCGT ERROR confirmed: double-hit rate=2.03% (below 10% threshold). Nearly all 5nt matches are genuine adapters. 9nt=66.99%, 5nt-total=100.00%, gap=33.01%. Barcode present and correctly placed in 100.00% of reads; TCGT suffix degraded/mutated in ~33.0% of those reads.",25,23.0,24,22.0,51,Trim at 5nt barcode position (remove everything from barcode onward)
SRR1044467,SERUM_51nt/02_DCM_ADVANCED,TTAAG,Ad11,TTAAGTCGTATGCCGTCTTCTGCTTG,5204514,3500024,1704490,5204514,1564,0.0301,67.26,67.25,100.0,32.75,32.75,WARNING,"TCGT ERROR confirmed: double-hit rate=0.03% (below 10% threshold). Nearly all 5nt matches are genuine adapters. 9nt=67.25%, 5nt-total=100.00%, gap=32.75%. Barcode present and correctly placed in 100.00% of reads; TCGT suffix degraded/mutated in ~32.8% of those reads.",29.0,23.0,28.0,22.0,51.0,Trim at 5nt barcode position (remove everything from barcode onward)
SRR1044473,SERUM_51nt/02_DCM_ADVANCED,TAACG,Ad12,TAACGTCGTATGCCGTCTTCTGCTTG,1248003,961806,286197,1248003,219,0.0175,77.07,77.07,100.0,22.93,22.93,WARNING,"TCGT ERROR confirmed: double-hit rate=0.02% (below 10% threshold). Nearly all 5nt matches are genuine adapters. 9nt=77.07%, 5nt-total=100.00%, gap=22.93%. Barcode present and correctly placed in 100.00% of reads; TCGT suffix degraded/mutated in ~22.9% of those reads.",24.0,23,23.0,22,51,Trim at 5nt barcode position (remove everything from barcode onward)
SRR1044466,SERUM_51nt/03_DCM_EXPLANT,TTACA,Ad19,TTACATCGTATGCCGTCTTCTGCTTG,11415043,8632716,2782327,11415043,9390,0.0823,75.63,75.63,100.0,24.37,24.37,WARNING,"TCGT ERROR confirmed: double-hit rate=0.08% (below 10% threshold). Nearly all 5nt matches are genuine adapters. 9nt=75.63%, 5nt-total=100.00%, gap=24.37%. Barcode present and correctly placed in 100.00% of reads; TCGT suffix degraded/mutated in ~24.4% of those reads.",31.0,23,30.0,22,51,Trim at 5nt barcode position (remove everything from barcode onward)
SRR1044492,SERUM_51nt/03_DCM_EXPLANT,TGATG,Ad17,TGATGTCGTATGCCGTCTTCTGCTTG,3279272,2235701,1043571,3279272,15563,0.4746,68.18,68.18,100.0,31.82,31.82,WARNING,"TCGT ERROR confirmed: double-hit rate=0.47% (below 10% threshold). Nearly all 5nt matches are genuine adapters. 9nt=68.18%, 5nt-total=100.00%, gap=31.82%. Barcode present and correctly placed in 100.00% of reads; TCGT suffix degraded/mutated in ~31.8% of those reads.",31,31,30,30,51.0,Trim at 5nt barcode position (remove everything from barcode onward)
SRR1044533,SERUM_51nt/04_ICM_ADVANCED,TCCTA,Ad05,TCCTATCGTATGCCGTCTTCTGCTTG,2885469,1803876,1081593,2885469,1413,0.049,62.53,62.52,100.0,37.48,37.48,WARNING,"TCGT ERROR confirmed: double-hit rate=0.05% (below 10% threshold). Nearly all 5nt matches are genuine adapters. 9nt=62.52%, 5nt-total=100.00%, gap=37.48%. Barcode present and correctly placed in 100.00% of reads; TCGT suffix degraded/mutated in ~37.5% of those reads.",31.0,29,30.0,28,51,Trim at 5nt barcode position (remove everything from barcode onward)
SRR1044543,SERUM_51nt/04_ICM_ADVANCED,TCGAT,Ad06,TCGATTCGTATGCCGTCTTCTGCTTG,1673850,1000440,673410,1673850,834,0.0498,59.78,59.77,100.0,40.23,40.23,WARNING,"TCGT ERROR confirmed: double-hit rate=0.05% (below 10% threshold). Nearly all 5nt matches are genuine adapters. 9nt=59.77%, 5nt-total=100.00%, gap=40.23%. Barcode present and correctly placed in 100.00% of reads; TCGT suffix degraded/mutated in ~40.2% of those reads.",25.0,23.0,24.0,22.0,51.0,Trim at 5nt barcode position (remove everything from barcode onward)
SRR1044542,SERUM_51nt/05_ICM_EXPLANT,TAGAG,Ad14,TAGAGTCGTATGCCGTCTTCTGCTTG,7534932,3763999,3770933,7534932,15358,0.2038,49.96,49.95,100.0,50.05,50.05,WARNING,"TCGT ERROR confirmed: double-hit rate=0.20% (below 10% threshold). Nearly all 5nt matches are genuine adapters. 9nt=49.95%, 5nt-total=100.00%, gap=50.05%. Barcode present and correctly placed in 100.00% of reads; TCGT suffix degraded/mutated in ~50.0% of those reads.",23,23,22,22,51.0,Trim at 5nt barcode position (remove everything from barcode onward)
SRR1044570,SERUM_51nt/05_ICM_EXPLANT,TAGGA,Ad15,TAGGATCGTATGCCGTCTTCTGCTTG,5004078,3592868,1411210,5004078,23017,0.46,71.8,71.8,100.0,28.2,28.2,WARNING,"TCGT ERROR confirmed: double-hit rate=0.46% (below 10% threshold). Nearly all 5nt matches are genuine adapters. 9nt=71.80%, 5nt-total=100.00%, gap=28.20%. Barcode present and correctly placed in 100.00% of reads; TCGT suffix degraded/mutated in ~28.2% of those reads.",30.0,23.0,29.0,22.0,51.0,Trim at 5nt barcode position (remove everything from barcode onward)
SRR1044574,SERUM_51nt/05_ICM_EXPLANT,TGTGT,Ad18,TGTGTTCGTATGCCGTCTTCTGCTTG,6213934,3506754,2707180,6213934,39366,0.6335,56.44,56.43,100.0,43.57,43.57,WARNING,"TCGT ERROR confirmed: double-hit rate=0.63% (below 10% threshold). Nearly all 5nt matches are genuine adapters. 9nt=56.43%, 5nt-total=100.00%, gap=43.57%. Barcode present and correctly placed in 100.00% of reads; TCGT suffix degraded/mutated in ~43.6% of those reads.",24.0,23.0,23.0,22.0,51.0,Trim at 5nt barcode position (remove everything from barcode onward)
